"genes","logFC","unshrunk.logFC","logCPM","PValue","FDR"
"339145",6.37858531890272,6.66190729505574,3.44654086834064,0.000186005872004335,0.687044016349586
"201625",5.2213983913657,5.24686979577689,6.29866587731608,0.00032079282481674,0.687044016349586
"128344",5.56205792375954,5.66190729505574,4.23121198710471,0.000349283402965149,0.687044016349586
"253982",5.70696630268652,5.85455237299813,3.7220695118459,0.000379226351361774,0.687044016349586
"101927736",6.03151334735767,6.31398399163543,3.07076455164122,0.00042378766916903,0.687044016349586
"5858",6.03151334735767,6.31398399163543,3.07076455164122,0.00042378766916903,0.687044016349586
"145837",6.03151334735767,6.31398399163543,3.07076455164122,0.00042378766916903,0.687044016349586
"101927851",5.89440693995954,6.17648046788549,2.93344609209718,0.000585337888799802,0.687044016349586
"100507091",5.89440693995954,6.17648046788549,2.93344609209718,0.000585337888799802,0.687044016349586
"165186",5.89440693995954,6.17648046788549,2.93344609209718,0.000585337888799802,0.687044016349586
"6791",5.66105982102369,5.85455237299813,3.2364331905563,0.000594515747313204,0.687044016349586
"89766",5.4080365526754,5.55499209113922,3.39013114772929,0.000760157646183203,0.787651956461807
"101930452",5.74288906254532,6.02447737444044,2.7890738978884,0.00083469128956708,0.787651956461807
"132228",4.91984648622435,4.97002959041807,4.69056055410946,0.000890434457900228,0.787651956461807
"283575",5.29283948320048,5.43951487371929,3.27011217685275,0.000991380687805925,0.787651956461807
"7125",5.29283948320048,5.43951487371929,3.27011217685275,0.000991380687805925,0.787651956461807
"6101",5.39875354535622,5.59151796716434,2.97433471804071,0.00109272779736065,0.817103280002856
"100",5.57357035174445,5.85455237299813,2.63680497565957,0.00123716945017658,0.828469100872243
"200162",4.7517773009506,4.79796884463177,4.63495417628138,0.00123827194120301,0.828469100872243
"1048",-5.47602381784805,-5.51822564406391,6.45967305916784,0.00145111114320613,0.900200309036058
"785",4.87146158866676,4.97002959041807,3.44997168188463,0.0017000035332161,0.900200309036058
"4005",5.3817044161388,5.66190729505574,2.47557001002989,0.00192324556345445,0.900200309036058
"144571",5.3817044161388,5.66190729505574,2.47557001002989,0.00192324556345445,0.900200309036058
"383",5.3817044161388,5.66190729505574,2.47557001002989,0.00192324556345445,0.900200309036058
"57211",-5.28329152158564,-5.3253567170168,6.29328117204992,0.00211899121981026,0.900200309036058
"402160",4.75626451919184,4.85455237299813,3.33455467438352,0.00220023137532209,0.900200309036058
"102723743",4.75626451919184,4.85455237299813,3.33455467438352,0.00220023137532209,0.900200309036058
"1325",4.87901533011879,5.02447737444044,2.87657618993982,0.00253599304309675,0.900200309036058
"101928794",4.39007958099301,4.43951487371929,4.08175447016462,0.00288883645804482,0.900200309036058
"400499",4.6310646509225,4.72902149091427,3.21435528955552,0.00290466438184072,0.900200309036058
"92749",4.6310646509225,4.72902149091427,3.21435528955552,0.00290466438184072,0.900200309036058
"728763",4.28673673348704,4.32167838342543,4.58151613611066,0.00298985704906447,0.900200309036058
"103625681",5.50780480639255,5.96235566253265,2.06233175430666,0.00302847470334165,0.900200309036058
"101927560",5.16035019713042,5.43951487371929,2.3039911568452,0.00317498174828147,0.900200309036058
"255512",5.16035019713042,5.43951487371929,2.3039911568452,0.00317498174828147,0.900200309036058
"105369311",5.16035019713042,5.43951487371929,2.3039911568452,0.00317498174828147,0.900200309036058
"202374",5.16035019713042,5.43951487371929,2.3039911568452,0.00317498174828147,0.900200309036058
"1116",4.70969661931792,4.85455237299813,2.73238409387461,0.00369331811844707,0.900200309036058
"338761",4.70969661931792,4.85455237299813,2.73238409387461,0.00369331811844707,0.900200309036058
"100874231",4.70969661931792,4.85455237299813,2.73238409387461,0.00369331811844707,0.900200309036058
"8651",4.70969661931792,4.85455237299813,2.73238409387461,0.00369331811844707,0.900200309036058
"6528",4.70969661931792,4.85455237299813,2.73238409387461,0.00369331811844707,0.900200309036058
"85477",4.70969661931792,4.85455237299813,2.73238409387461,0.00369331811844707,0.900200309036058
"92340",4.33160300271104,4.39060527323834,3.71465436007886,0.00369490315239313,0.900200309036058
"132203",4.1468883046797,4.1764804678855,4.7166852792495,0.0037540201661425,0.900200309036058
"100127888",4.58592458155739,4.70254927955308,2.91801577802451,0.00382836367499172,0.900200309036058
"100189359",4.49395824352437,4.59151796716434,3.08900273637639,0.00392380793916212,0.900200309036058
"399694",4.49395824352437,4.59151796716434,3.08900273637639,0.00392380793916212,0.900200309036058
"25790",4.36604330633366,4.43951487371929,3.39545624723136,0.00404682972629848,0.900200309036058
"164656",4.36604330633366,4.43951487371929,3.39545624723136,0.00404682972629848,0.900200309036058
"219670",4.28108460508677,4.33997920016837,3.66420605202505,0.00412044560707216,0.900200309036058
"4610",4.1749835537101,4.21712245238284,4.11785942904584,0.00420086162444238,0.900200309036058
"100506380",4.06872242478741,4.09556047250193,4.80100100139519,0.00426570721855755,0.900200309036058
"1368",4.1275310448327,4.1764804678855,3.80935452690338,0.00508231157899317,0.900200309036058
"55167",-4.81116464280986,-4.85280675908275,5.88972756440061,0.00515883119369063,0.900200309036058
"100169759",-6.17245518020004,-6.38360091621025,5.13536758357521,0.00518436876976572,0.900200309036058
"100169756",-6.16981735851688,-6.38095804061979,5.13313864462309,0.00520726056711406,0.900200309036058
"100169757",-6.16981735851688,-6.38095804061979,5.13313864462309,0.00520726056711406,0.900200309036058
"100169758",-6.16981735851688,-6.38095804061979,5.13313864462309,0.00520726056711406,0.900200309036058
"100169755",-6.16805612747329,-6.37919343000556,5.13165046301919,0.00522259559667692,0.900200309036058
"100169753",-6.16667079314268,-6.37780543449466,5.13047992694148,0.00523468620353214,0.900200309036058
"100169754",-6.16667079314268,-6.37780543449466,5.13047992694148,0.00523468620353214,0.900200309036058
"9247",4.24084343806432,4.31398399163543,3.27985437896934,0.00529682318643509,0.900200309036058
"55001",4.34244036611015,4.43951487371929,2.95804940857594,0.00544531332429729,0.900200309036058
"30008",4.34244036611015,4.43951487371929,2.95804940857594,0.00544531332429729,0.900200309036058
"79747",4.34244036611015,4.43951487371929,2.95804940857594,0.00544531332429729,0.900200309036058
"100169751",-6.12771968508556,-6.33877844496441,5.09757733220089,0.00558509627558534,0.900200309036058
"1491",4.51783068371227,4.66190729505574,2.58040995255997,0.0056134112141007,0.900200309036058
"80070",4.51783068371227,4.66190729505574,2.58040995255997,0.0056134112141007,0.900200309036058
"952",4.51783068371227,4.66190729505574,2.58040995255997,0.0056134112141007,0.900200309036058
"127733",4.89876802053991,5.17648046788549,2.12026170988603,0.00566520018273164,0.900200309036058
"9576",4.89876802053991,5.17648046788549,2.12026170988603,0.00566520018273164,0.900200309036058
"120400",4.89876802053991,5.17648046788549,2.12026170988603,0.00566520018273164,0.900200309036058
"716",4.89876802053991,5.17648046788549,2.12026170988603,0.00566520018273164,0.900200309036058
"359",4.89876802053991,5.17648046788549,2.12026170988603,0.00566520018273164,0.900200309036058
"283948",4.89876802053991,5.17648046788549,2.12026170988603,0.00566520018273164,0.900200309036058
"9229",4.89876802053991,5.17648046788549,2.12026170988603,0.00566520018273164,0.900200309036058
"80086",4.89876802053991,5.17648046788549,2.12026170988603,0.00566520018273164,0.900200309036058
"140706",4.89876802053991,5.17648046788549,2.12026170988603,0.00566520018273164,0.900200309036058
"100507244",4.89876802053991,5.17648046788549,2.12026170988603,0.00566520018273164,0.900200309036058
"149465",3.83365868058037,3.85455237299813,4.97561867950323,0.00641296013865466,0.99993906547995
"414918",4.05921250181107,4.11758677883193,3.45317797524279,0.00660613839691838,0.99993906547995
"414318",4.05921250181107,4.11758677883193,3.45317797524279,0.00660613839691838,0.99993906547995
"148713",3.82219975904598,3.85455237299813,4.18636825487208,0.00777282561316801,0.99993906547995
"9770",4.17312165530928,4.26958987227698,2.82094766569586,0.00780233108907532,0.99993906547995
"100188987",4.17312165530928,4.26958987227698,2.82094766569586,0.00780233108907532,0.99993906547995
"27019",4.17312165530928,4.26958987227698,2.82094766569586,0.00780233108907532,0.99993906547995
"102724077",3.92152851726045,3.97002959041807,3.6119300099718,0.00783163457220308,0.99993906547995
"200772",5.14903577963434,5.66190729505574,1.73311672771945,0.00810461278088563,0.99993906547995
"284757",3.81821377660666,3.85455237299813,3.98302540174691,0.0082838775700136,0.99993906547995
"7145",3.71672882345606,3.7390751555782,4.71950553070403,0.00835607570655417,0.99993906547995
"23105",3.93401263354173,3.99205589674807,3.3417565728297,0.00857682107558698,0.99993906547995
"153527",-4.13056450332817,-4.15107217619575,6.16456630881075,0.00880908946614646,0.99993906547995
"10100",4.29647646470389,4.43951487371929,2.41957911785109,0.00899544867813027,0.99993906547995
"2153",4.29647646470389,4.43951487371929,2.41957911785109,0.00899544867813027,0.99993906547995
"116337",4.29647646470389,4.43951487371929,2.41957911785109,0.00899544867813027,0.99993906547995
"645191",4.29647646470389,4.43951487371929,2.41957911785109,0.00899544867813027,0.99993906547995
"1436",4.29647646470389,4.43951487371929,2.41957911785109,0.00899544867813027,0.99993906547995
"51279",3.80997554144558,3.85455237299813,3.63671510446137,0.00940370521749452,0.99993906547995
"100129434",3.91177322329669,3.97619549022537,3.164835571369,0.00968105917039786,0.99993906547995
"956",3.80633144778553,3.85455237299813,3.50802918173145,0.00992675044181993,0.99993906547995
"389799",3.80633144778553,3.85455237299813,3.50802918173145,0.00992675044181993,0.99993906547995
"117154",3.67363760890724,3.70254927955308,4.21893620302167,0.01005981560228,0.99993906547995
"84216",3.52734685232095,3.5413944877385,5.3264685106404,0.0107906831419423,0.99993906547995
"10206",-4.38741157138114,-4.42853598002587,5.53173509303878,0.0109013352273475,0.99993906547995
"130367",3.70643248997754,3.74763716908162,3.66094430820335,0.0111426184473685,0.99993906547995
"388697",4.57901553226616,4.85455237299813,1.92196348939598,0.0112109372209798,0.99993906547995
"4069",4.57901553226616,4.85455237299813,1.92196348939598,0.0112109372209798,0.99993906547995
"101929110",4.57901553226616,4.85455237299813,1.92196348939598,0.0112109372209798,0.99993906547995
"6910",4.57901553226616,4.85455237299813,1.92196348939598,0.0112109372209798,0.99993906547995
"6252",4.57901553226616,4.85455237299813,1.92196348939598,0.0112109372209798,0.99993906547995
"6458",4.57901553226616,4.85455237299813,1.92196348939598,0.0112109372209798,0.99993906547995
"8170",4.57901553226616,4.85455237299813,1.92196348939598,0.0112109372209798,0.99993906547995
"400710",4.57901553226616,4.85455237299813,1.92196348939598,0.0112109372209798,0.99993906547995
"3373",4.57901553226616,4.85455237299813,1.92196348939598,0.0112109372209798,0.99993906547995
"10744",4.57901553226616,4.85455237299813,1.92196348939598,0.0112109372209798,0.99993906547995
"3128",4.57901553226616,4.85455237299813,1.92196348939598,0.0112109372209798,0.99993906547995
"259285",4.57901553226616,4.85455237299813,1.92196348939598,0.0112109372209798,0.99993906547995
"374618",3.53700675879384,3.55499209113922,4.8996339476948,0.0112680052601535,0.99993906547995
"137872",3.53700675879384,3.55499209113922,4.8996339476948,0.0112680052601535,0.99993906547995
"102467224",3.7969062261436,3.85455237299813,3.22606500989607,0.0113596332389634,0.99993906547995
"11228",-4.36174757586311,-4.40283546969452,5.51016538132992,0.0113879248936169,0.99993906547995
"4880",3.98125571970363,4.07694479433458,2.67701902957132,0.0116180131712895,0.99993906547995
"644990",3.98125571970363,4.07694479433458,2.67701902957132,0.0116180131712895,0.99993906547995
"50853",3.98125571970363,4.07694479433458,2.67701902957132,0.0116180131712895,0.99993906547995
"2719",3.98125571970363,4.07694479433458,2.67701902957132,0.0116180131712895,0.99993906547995
"10529",-3.80673210805704,-3.82022838997149,6.39892575501086,0.0117619945544715,0.99993906547995
"79740",3.53895551955607,3.56504575580315,4.25047613323023,0.0126919977924313,0.99993906547995
"642987",3.68113157951619,3.72902149091427,3.40042775241674,0.0127897196449257,0.99993906547995
"338442",4.92871009589856,5.43951487371929,1.61672085952315,0.0128528339672673,0.99993906547995
"353149",4.92871009589856,5.43951487371929,1.61672085952315,0.0128528339672673,0.99993906547995
"100130148",4.92871009589856,5.43951487371929,1.61672085952315,0.0128528339672673,0.99993906547995
"6853",4.92871009589856,5.43951487371929,1.61672085952315,0.0128528339672673,0.99993906547995
"54970",3.55965122288567,3.59151796716434,3.93409803329273,0.0132265246726584,0.99993906547995
"55036",3.49365467948585,3.51751738572056,4.35532899284891,0.0134490822916893,0.99993906547995
"101929570",3.7829004424511,3.85455237299813,2.90342670896864,0.0137057651319403,0.99993906547995
"54863",3.7829004424511,3.85455237299813,2.90342670896864,0.0137057651319403,0.99993906547995
"5376",-4.23383476962877,-4.27473064394683,5.40283434594442,0.0141158611880849,0.99993906547995
"84125",3.5040162951858,3.53262427811077,4.05710244262728,0.0141212213386467,0.99993906547995
"30014",3.732368167413,3.79850184363696,2.97259678660086,0.0143019818751504,0.99993906547995
"728712",3.732368167413,3.79850184363696,2.97259678660086,0.0143019818751504,0.99993906547995
"5664",3.45663627919592,3.48258359561117,4.1724752779661,0.0149334912449472,0.99993906547995
"153643",3.51928402659554,3.55499209113922,3.70782973853627,0.0151264449505544,0.99993906547995
"8412",3.64538834872938,3.70254927955308,3.10579624435538,0.0153962128605367,0.99993906547995
"80133",4.03489428811338,4.17648046788549,2.24850666968913,0.0154137475821827,0.99993906547995
"51046",4.03489428811338,4.17648046788549,2.24850666968913,0.0154137475821827,0.99993906547995
"150946",4.03489428811338,4.17648046788549,2.24850666968913,0.0154137475821827,0.99993906547995
"151887",4.03489428811338,4.17648046788549,2.24850666968913,0.0154137475821827,0.99993906547995
"102465486",3.77299172104908,3.85455237299813,2.72261001356212,0.0155247422995531,0.99993906547995
"6097",3.46032372911421,3.49198229361342,3.84480616033092,0.016088698524231,0.99993906547995
"150356",4.38792245281387,4.66190729505574,1.81636040609646,0.0165801763198888,0.99993906547995
"79948",3.39373437553513,3.41845325819146,4.18871205253843,0.0166117111161515,0.99993906547995
"22905",-4.61328038471799,-4.69496278704864,4.90117342352742,0.0166483168368158,0.99993906547995
"79029",3.54402517211806,3.59151796716434,3.28890815416668,0.0167884064222184,0.99993906547995
"22801",3.54402517211806,3.59151796716434,3.28890815416668,0.0167884064222184,0.99993906547995
"146754",3.46283497603194,3.49840856277286,3.6593806901726,0.0168972501091596,0.99993906547995
"64063",3.31273783257919,3.32848356133054,4.88028970367874,0.0169701965735436,0.99993906547995
"149473",3.62134331240763,3.68462737155582,2.94262740745412,0.0173438705433664,0.99993906547995
"197135",3.62134331240763,3.68462737155582,2.94262740745412,0.0173438705433664,0.99993906547995
"342132",3.36933420583463,3.39512075436083,4.09222979519749,0.0177044099102961,0.99993906547995
"5433",-4.08208274006752,-4.12272755050179,5.27586532378945,0.0180960078827256,0.99993906547995
"9056",3.75990150069525,3.85455237299813,2.52541257175872,0.0181322519127059,0.99993906547995
"100189163",3.75990150069525,3.85455237299813,2.52541257175872,0.0181322519127059,0.99993906547995
"65266",3.75990150069525,3.85455237299813,2.52541257175872,0.0181322519127059,0.99993906547995
"101927043",3.75990150069525,3.85455237299813,2.52541257175872,0.0181322519127059,0.99993906547995
"202500",3.75990150069525,3.85455237299813,2.52541257175872,0.0181322519127059,0.99993906547995
"100128750",3.75990150069525,3.85455237299813,2.52541257175872,0.0181322519127059,0.99993906547995
"3992",-3.84644498476289,-3.87336808156507,5.57086360721185,0.0184015018933493,0.99993906547995
"113179",4.08336213766283,4.26958987227698,1.99564067354353,0.0190531635659922,0.99993906547995
"10371",-4.04737855037327,-4.08796213234111,5.24688269845156,0.0191348064270773,0.99993906547995
"57106",3.35364869531342,3.38506708969691,3.75276136211802,0.019786989931387,0.99993906547995
"7594",-4.02579162349735,-4.06633636865139,5.2288646868734,0.0198071291836334,0.99993906547995
"100132077",3.75164248042116,3.85455237299813,2.41956023586353,0.0198975949079687,0.99993906547995
"1580",3.59103450684545,3.66190729505574,2.76656008880975,0.0200331524439815,0.99993906547995
"57710",3.59103450684545,3.66190729505574,2.76656008880975,0.0200331524439815,0.99993906547995
"100509620",3.59103450684545,3.66190729505574,2.76656008880975,0.0200331524439815,0.99993906547995
"100874244",3.59103450684545,3.66190729505574,2.76656008880975,0.0200331524439815,0.99993906547995
"720",3.25713867541718,3.27774591593196,4.35404947286564,0.0203913309218607,0.99993906547995
"440993",3.55290022831074,3.62110922003503,2.78777361509659,0.0209979411775608,0.99993906547995
"27249",-3.98761605388378,-4.02809067636371,5.19701915269419,0.0210470252912521,0.99993906547995
"112611",3.27640698339576,3.30201134996935,4.00967520212374,0.0211639536398001,0.99993906547995
"6517",3.47606963792851,3.53262427811077,2.98058070212506,0.0214363543771429,0.99993906547995
"222256",3.47606963792851,3.53262427811077,2.98058070212506,0.0214363543771429,0.99993906547995
"4062",4.66856415771747,5.1764804678855,1.4939347044258,0.0215671258770638,0.99993906547995
"643376",3.53405171527074,3.6018599113858,2.78114925726651,0.0217014371390295,0.99993906547995
"51751",3.74180353955198,3.85455237299813,2.30810933856962,0.0221217009458886,0.99993906547995
"57575",-3.60122001585818,-3.62118105796827,5.72008265527994,0.0221429233041749,0.99993906547995
"56731",-3.59765379424135,-3.61761043055224,5.71711230069677,0.0222744110999266,0.99993906547995
"132430",-3.95053297469859,-3.99093767794624,5.16610752826913,0.0223160419770357,0.99993906547995
"79854",3.27745618303841,3.30706457769564,3.77454352250221,0.0223695299722574,0.99993906547995
"440836",3.39250729470384,3.43951487371929,3.17321359176449,0.0225144021090139,0.99993906547995
"221468",3.63503090403656,3.72902149091427,2.44640338297977,0.0231340333436999,0.99993906547995
"8395",3.32892914483515,3.36912554582789,3.34847429712021,0.0233684457110214,0.99993906547995
"1838",-3.91247150705169,-3.95280254905947,5.13440333684508,0.0236875870031724,0.99993906547995
"10309",3.08934502485289,3.09966487083466,5.36503123078794,0.0238496334458237,0.99993906547995
"1606",3.18830265564449,3.21069618322341,4.14276772754191,0.0239089403681668,0.99993906547995
"101927685",3.5516375020407,3.63215995166168,2.57514523975737,0.0239383109379196,0.99993906547995
"100130987",3.27888708885128,3.31398399163543,3.50928846222539,0.0240616637546128,0.99993906547995
"144535",3.10365416118196,3.11758677883193,4.86123839069397,0.0246281026784838,0.99993906547995
"7127",3.2384516258385,3.26958987227697,3.65785953900938,0.0246355370190224,0.99993906547995
"79031",-3.88652763594673,-3.92680734052653,5.11280607750995,0.0246640679185263,0.99993906547995
"2583",3.22100713247481,3.25048104932927,3.72810222890456,0.0248869452398442,0.99993906547995
"57139",3.0496680484534,3.05808576708326,5.67087813105667,0.0248874010703837,0.99993906547995
"653162",3.25624828401055,3.29072863933512,3.51601059021892,0.0249243590074089,0.99993906547995
"148696",3.20508654517468,3.23306399625186,3.79589378453385,0.0251184201916462,0.99993906547995
"1627",-3.87337862168101,-3.91363195177879,5.10186414250508,0.0251722112449043,0.99993906547995
"57335",-4.33128221563223,-4.41223416769677,4.66576412911462,0.0254420845213155,0.99993906547995
"374973",4.16759676907809,4.43951487371929,1.70577766684497,0.0255520888541598,0.99993906547995
"283463",4.16759676907809,4.43951487371929,1.70577766684497,0.0255520888541598,0.99993906547995
"1735",4.16759676907809,4.43951487371929,1.70577766684497,0.0255520888541598,0.99993906547995
"123264",4.16759676907809,4.43951487371929,1.70577766684497,0.0255520888541598,0.99993906547995
"80125",4.16759676907809,4.43951487371929,1.70577766684497,0.0255520888541598,0.99993906547995
"55911",4.16759676907809,4.43951487371929,1.70577766684497,0.0255520888541598,0.99993906547995
"256957",4.16759676907809,4.43951487371929,1.70577766684497,0.0255520888541598,0.99993906547995
"83546",4.16759676907809,4.43951487371929,1.70577766684497,0.0255520888541598,0.99993906547995
"646457",4.16759676907809,4.43951487371929,1.70577766684497,0.0255520888541598,0.99993906547995
"53827",4.16759676907809,4.43951487371929,1.70577766684497,0.0255520888541598,0.99993906547995
"342897",4.16759676907809,4.43951487371929,1.70577766684497,0.0255520888541598,0.99993906547995
"147719",4.16759676907809,4.43951487371929,1.70577766684497,0.0255520888541598,0.99993906547995
"100271832",4.16759676907809,4.43951487371929,1.70577766684497,0.0255520888541598,0.99993906547995
"101929696",4.16759676907809,4.43951487371929,1.70577766684497,0.0255520888541598,0.99993906547995
"285643",4.16759676907809,4.43951487371929,1.70577766684497,0.0255520888541598,0.99993906547995
"102465139",4.16759676907809,4.43951487371929,1.70577766684497,0.0255520888541598,0.99993906547995
"399693",4.16759676907809,4.43951487371929,1.70577766684497,0.0255520888541598,0.99993906547995
"400946",3.15323151896558,3.17648046788549,4.04550455275359,0.0258858862317434,0.99993906547995
"100874366",3.28095431888897,3.32403765629935,3.20551318873492,0.0266011992887564,0.99993906547995
"114884",-3.82638972963085,-3.86654681570905,5.06278492599066,0.0270631358306535,0.99993906547995
"23429",-3.81955033096575,-3.85969314466799,5.05709974073795,0.0273483759676035,0.99993906547995
"166979",2.94029896126827,2.94277955600987,7.54779022920815,0.0274863425130195,0.99993906547995
"10233",3.04233287893688,3.05618623416778,4.80403745175763,0.0275977049016105,0.99993906547995
"55789",-3.79186381418001,-3.83194815418509,5.03409319623203,0.028529790326801,0.99993906547995
"59352",3.71514179983963,3.85455237299813,2.06537741222327,0.028799023395524,0.99993906547995
"10000",3.71514179983963,3.85455237299813,2.06537741222327,0.028799023395524,0.99993906547995
"81029",3.71514179983963,3.85455237299813,2.06537741222327,0.028799023395524,0.99993906547995
"83758",3.71514179983963,3.85455237299813,2.06537741222327,0.028799023395524,0.99993906547995
"51561",3.71514179983963,3.85455237299813,2.06537741222327,0.028799023395524,0.99993906547995
"145581",3.71514179983963,3.85455237299813,2.06537741222327,0.028799023395524,0.99993906547995
"374569",3.71514179983963,3.85455237299813,2.06537741222327,0.028799023395524,0.99993906547995
"2628",3.71514179983963,3.85455237299813,2.06537741222327,0.028799023395524,0.99993906547995
"148046",3.71514179983963,3.85455237299813,2.06537741222327,0.028799023395524,0.99993906547995
"200373",3.71514179983963,3.85455237299813,2.06537741222327,0.028799023395524,0.99993906547995
"3623",3.71514179983963,3.85455237299813,2.06537741222327,0.028799023395524,0.99993906547995
"7032",3.71514179983963,3.85455237299813,2.06537741222327,0.028799023395524,0.99993906547995
"100126791",3.71514179983963,3.85455237299813,2.06537741222327,0.028799023395524,0.99993906547995
"136288",3.71514179983963,3.85455237299813,2.06537741222327,0.028799023395524,0.99993906547995
"157378",-3.4385819831262,-3.45833058228622,5.58492514972395,0.028887531132921,0.99993906547995
"159",-3.77781872480035,-3.81787296897337,5.02242687598772,0.0291457799610506,0.99993906547995
"58493",-3.77781872480035,-3.81787296897337,5.02242687598772,0.0291457799610506,0.99993906547995
"474343",3.1256205591478,3.15411265485704,3.69232418728316,0.0294164654342277,0.99993906547995
"90632",3.59076778744529,3.70254927955308,2.22133313704465,0.0295280728777225,0.99993906547995
"124454",-3.76363555672321,-3.80365910975366,5.01064905201007,0.029779431771617,0.99993906547995
"23515",-3.76363555672321,-3.80365910975366,5.01064905201007,0.029779431771617,0.99993906547995
"388588",3.49831932410474,3.59151796716434,2.36504740549833,0.0300004651989063,0.99993906547995
"126859",3.49831932410474,3.59151796716434,2.36504740549833,0.0300004651989063,0.99993906547995
"57559",3.49831932410474,3.59151796716434,2.36504740549833,0.0300004651989063,0.99993906547995
"105371591",3.49831932410474,3.59151796716434,2.36504740549833,0.0300004651989063,0.99993906547995
"80054",3.49831932410474,3.59151796716434,2.36504740549833,0.0300004651989063,0.99993906547995
"200420",3.49831932410474,3.59151796716434,2.36504740549833,0.0300004651989063,0.99993906547995
"105369214",3.49831932410474,3.59151796716434,2.36504740549833,0.0300004651989063,0.99993906547995
"154467",3.49831932410474,3.59151796716434,2.36504740549833,0.0300004651989063,0.99993906547995
"105375304",3.49831932410474,3.59151796716434,2.36504740549833,0.0300004651989063,0.99993906547995
"100134934",3.42676690538201,3.50662906957782,2.49843044215491,0.0303186085134522,0.99993906547995
"56971",3.36968028783707,3.43951487371929,2.62296602031386,0.0305392920841397,0.99993906547995
"389118",3.36968028783707,3.43951487371929,2.62296602031386,0.0305392920841397,0.99993906547995
"90288",3.36968028783707,3.43951487371929,2.62296602031386,0.0305392920841397,0.99993906547995
"83884",3.36968028783707,3.43951487371929,2.62296602031386,0.0305392920841397,0.99993906547995
"100130771",3.36968028783707,3.43951487371929,2.62296602031386,0.0305392920841397,0.99993906547995
"100130705",3.36968028783707,3.43951487371929,2.62296602031386,0.0305392920841397,0.99993906547995
"105369190",3.28420370232286,3.33997920016837,2.84996848554059,0.0308089007867134,0.99993906547995
"55259",3.28420370232286,3.33997920016837,2.84996848554059,0.0308089007867134,0.99993906547995
"4861",3.28420370232286,3.33997920016837,2.84996848554059,0.0308089007867134,0.99993906547995
"130540",3.28420370232286,3.33997920016837,2.84996848554059,0.0308089007867134,0.99993906547995
"200942",3.28420370232286,3.33997920016837,2.84996848554059,0.0308089007867134,0.99993906547995
"105375110",3.28420370232286,3.33997920016837,2.84996848554059,0.0308089007867134,0.99993906547995
"79574",3.22318858390297,3.26958987227698,3.05303707546981,0.030952416087113,0.99993906547995
"9597",3.22318858390297,3.26958987227698,3.05303707546981,0.030952416087113,0.99993906547995
"730183",3.17741126742093,3.21712245238284,3.23693931307081,0.0310309380229436,0.99993906547995
"55200",3.14178068145315,3.17648046788549,3.40508065630214,0.0310736344976287,0.99993906547995
"25806",3.01672821505223,3.03512461863995,4.29562932493014,0.0310834938671824,0.99993906547995
"728621",3.11325175756916,3.14405899019312,3.55998392103791,0.0310956170744897,0.99993906547995
"79414",3.11325175756916,3.14405899019312,3.55998392103791,0.0310956170744897,0.99993906547995
"2891",3.11325175756916,3.14405899019312,3.55998392103791,0.0310956170744897,0.99993906547995
"3934",3.11325175756916,3.14405899019312,3.55998392103791,0.0310956170744897,0.99993906547995
"57085",3.03975035530504,3.06100325046556,4.08014391031977,0.0310990752402037,0.99993906547995
"4221",-3.7348439343466,-3.77480424708148,4.98675010699063,0.0311023039062091,0.99993906547995
"51109",-3.7348439343466,-3.77480424708148,4.98675010699063,0.0311023039062091,0.99993906547995
"199692",-3.7348439343466,-3.77480424708148,4.98675010699063,0.0311023039062091,0.99993906547995
"197358",3.07040445582351,3.09556047250193,3.83736419706258,0.0311072464728891,0.99993906547995
"441389",3.07040445582351,3.09556047250193,3.83736419706258,0.0311072464728891,0.99993906547995
"10690",-3.72022974541143,-3.76015747111708,4.97462443008431,0.031792886937398,0.99993906547995
"9831",-4.17349581175756,-4.25397208378004,4.53453264793354,0.0319133716643632,0.99993906547995
"84154",-3.70546600165112,-3.745360469189,4.96237813254094,0.0325038605842434,0.99993906547995
"401321",-3.69802708400563,-3.73790466426995,4.9562089874472,0.0328672300725887,0.99993906547995
"57610",-3.69054961044061,-3.73041012772302,4.95000876162693,0.0332359848839856,0.99993906547995
"8405",-3.32553382136673,-3.34511997183823,5.49133800812027,0.0345772559318292,0.99993906547995
"55004",-3.66024602641978,-3.70003647867951,4.92489061047267,0.0347669001122559,0.99993906547995
"7138",-3.66024602641978,-3.70003647867951,4.92489061047267,0.0347669001122559,0.99993906547995
"6018",-3.16961477138986,-3.18253694573709,5.86655822138785,0.0351453052331496,0.99993906547995
"10611",-3.03016975780881,-3.03783865291527,6.39780441844988,0.0353631864191811,0.99993906547995
"1939",-3.64485214711122,-3.6846064381099,4.91213653711466,0.0355673913467883,0.99993906547995
"81577",-3.63148075454969,-3.67120331983136,4.90106123357007,0.03627541809622,0.99993906547995
"728927",-3.14378176876798,-3.15667488242512,5.84523416382236,0.0366394322981095,0.99993906547995
"84812",2.93454825542057,2.95408804654905,4.11366997005826,0.0367911047970578,0.99993906547995
"51537",2.94042286153357,2.96146757691464,3.99906855025336,0.0372287271278006,0.99993906547995
"150082",2.82475648412145,2.83285730189881,5.48337693985678,0.0374018863730671,0.99993906547995
"345643",2.84410046413651,2.85455237299813,5.07037176037174,0.0375660025685431,0.99993906547995
"79692",-4.05405247800822,-4.13413231377403,4.43544796695132,0.0376917375237796,0.99993906547995
"9318",-3.26550441427502,-3.28499897940066,5.44175915869316,0.0379761288861599,0.99993906547995
"79983",-3.26550441427502,-3.28499897940066,5.44175915869316,0.0379761288861599,0.99993906547995
"7675",-3.59765973174849,-3.63730072333154,4.87306078645375,0.0381200525041228,0.99993906547995
"171392",-3.59765973174849,-3.63730072333154,4.87306078645375,0.0381200525041228,0.99993906547995
"5778",2.84323397609712,2.85455237299813,4.93368414840751,0.0381625884698957,0.99993906547995
"51127",2.95520738634859,2.98008325508199,3.74745773687146,0.0383240943507971,0.99993906547995
"57452",2.95520738634859,2.98008325508199,3.74745773687146,0.0383240943507971,0.99993906547995
"653113",4.35095794986375,4.85455237299813,1.36381660367299,0.038717634458123,0.99993906547995
"254272",4.35095794986375,4.85455237299813,1.36381660367299,0.038717634458123,0.99993906547995
"102465526",4.35095794986375,4.85455237299813,1.36381660367299,0.038717634458123,0.99993906547995
"89876",2.84221083221236,2.85455237299813,4.78554137227381,0.0388726490861828,0.99993906547995
"2009",-3.58157952813735,-3.62118105796827,4.85975451421456,0.0390246634783596,0.99993906547995
"59285",2.97614535017103,3.00655546644318,3.45900118279478,0.0398597282346384,0.99993906547995
"90342",2.97614535017103,3.00655546644318,3.45900118279478,0.0398597282346384,0.99993906547995
"202915",-3.56531807330194,-3.60487924563917,4.84630256608317,0.0399579210477352,0.99993906547995
"63901",-3.08681677727342,-3.09964393738875,5.79827999605595,0.0401306322653075,0.99993906547995
"2912",2.84027487478783,2.85455237299813,4.53776169473496,0.0402327343996583,0.99993906547995
"100507057",3.42205105127823,3.53262427811077,2.13156269407198,0.040310671535524,0.99993906547995
"100526825",2.98281653119968,3.01501704519138,3.37981991696952,0.0403449162242648,0.99993906547995
"84182",2.98281653119968,3.01501704519138,3.37981991696952,0.0403449162242648,0.99993906547995
"1767",2.73864433963461,2.74265949292723,6.55693451394481,0.0405176682746586,0.99993906547995
"23604",2.99026280403893,3.02447737444044,3.29734689084106,0.0408840281255237,0.99993906547995
"259173",2.99026280403893,3.02447737444044,3.29734689084106,0.0408840281255237,0.99993906547995
"55330",2.99026280403893,3.02447737444044,3.29734689084106,0.0408840281255237,0.99993906547995
"8404",2.99026280403893,3.02447737444044,3.29734689084106,0.0408840281255237,0.99993906547995
"80067",-3.54887123459741,-3.5883911228506,4.83270168880373,0.0409209741633206,0.99993906547995
"100616468",3.52404872038734,3.66190729505574,1.9685636224784,0.0409926709474363,0.99993906547995
"101927824",3.52404872038734,3.66190729505574,1.9685636224784,0.0409926709474363,0.99993906547995
"136263",3.52404872038734,3.66190729505574,1.9685636224784,0.0409926709474363,0.99993906547995
"23176",-3.07123841734824,-3.08404708233773,5.7854555059192,0.0411341595836884,0.99993906547995
"101928002",3.90745083089701,4.1764804678855,1.58958128128606,0.0413273009595022,0.99993906547995
"8843",3.67194337447477,3.85455237299813,1.78924379265898,0.0415029290356066,0.99993906547995
"3399",3.00809255662006,3.04719745094053,3.12131998099758,0.0421639691974175,0.99993906547995
"374470",3.00809255662006,3.04719745094053,3.12131998099758,0.0421639691974175,0.99993906547995
"84465",3.00809255662006,3.04719745094053,3.12131998099758,0.0421639691974175,0.99993906547995
"92335",-3.19752385532747,-3.21690998955849,5.38570945037895,0.0421693731330145,0.99993906547995
"375719",3.64699174812686,3.82598322080136,1.79408863426706,0.0425538657806654,0.99993906547995
"122622",2.83649891925207,2.85455237299813,4.14615231425179,0.0429470198528278,0.99993906547995
"56108",-4.29425516000396,-4.4186604368562,4.12981956671824,0.0429708876923856,0.99993906547995
"4256",-2.96248032685994,-2.97199611429278,6.05811335936015,0.0430410757800539,0.99993906547995
"79703",-3.18137045465908,-3.20073006250306,5.37240591217542,0.0432222126825038,0.99993906547995
"55973",-3.18137045465908,-3.20073006250306,5.37240591217542,0.0432222126825038,0.99993906547995
"9469",3.03132264829732,3.07694479433458,2.92800754885614,0.043806998167501,0.99993906547995
"644656",3.03132264829732,3.07694479433458,2.92800754885614,0.043806998167501,0.99993906547995
"100505538",3.03132264829732,3.07694479433458,2.92800754885614,0.043806998167501,0.99993906547995
"146177",3.03132264829732,3.07694479433458,2.92800754885614,0.043806998167501,0.99993906547995
"84657",3.03132264829732,3.07694479433458,2.92800754885614,0.043806998167501,0.99993906547995
"153020",3.03132264829732,3.07694479433458,2.92800754885614,0.043806998167501,0.99993906547995
"222699",3.03132264829732,3.07694479433458,2.92800754885614,0.043806998167501,0.99993906547995
"116984",-3.49837490381532,-3.53776504978063,4.79097128047384,0.0440012613992974,0.99993906547995
"84883",2.7421953507241,2.75145888003403,5.16409919119022,0.0441766687771403,0.99993906547995
"493856",-3.93000205763959,-4.00963377165615,4.33279925075559,0.0445930497752634,0.99993906547995
"123872",2.70893828694967,2.7170488492482,5.35267324191922,0.0459475309512917,0.99993906547995
"6609",3.06284948331448,3.11758677883193,2.71340625975147,0.0459884116373989,0.99993906547995
"3223",3.06284948331448,3.11758677883193,2.71340625975147,0.0459884116373989,0.99993906547995
"51172",3.06284948331448,3.11758677883193,2.71340625975147,0.0459884116373989,0.99993906547995
"25814",-3.13738902497012,-3.15667488242512,5.33621267227419,0.0462034440314655,0.99993906547995
"1326",-3.46370124754538,-3.50299963161995,4.76234156814578,0.0462275209348985,0.99993906547995
"84869",-3.46370124754538,-3.50299963161995,4.76234156814578,0.0462275209348985,0.99993906547995
"100129250",2.83203192191841,2.85455237299813,3.78964608152626,0.0462611818801194,0.99993906547995
"286410",-2.85490744187499,-2.86243852140681,6.25341574549212,0.0471018515070768,0.99993906547995
"51192",2.75716789644658,2.77209021280616,4.37909666865683,0.0471231449803029,0.99993906547995
"27075",-2.79217927309725,-2.79752432358156,6.63453392118629,0.0471391636829291,0.99993906547995
"79647",-3.4460468237539,-3.48529762988649,4.74777231756494,0.0473968739838819,0.99993906547995
"10237",-3.4460468237539,-3.48529762988649,4.74777231756494,0.0473968739838819,0.99993906547995
"10670",-3.4460468237539,-3.48529762988649,4.74777231756494,0.0473968739838819,0.99993906547995
"644096",2.83000751807925,2.85455237299813,3.65493806433764,0.047799214877142,0.99993906547995
"51533",2.83000751807925,2.85455237299813,3.65493806433764,0.047799214877142,0.99993906547995
"80167",-3.87338855824717,-3.95280254905947,4.28604759489579,0.0480729408883042,0.99993906547995
"84311",2.75130532420813,2.76708953174779,4.28100399287236,0.0482540305045071,0.99993906547995
"286207",2.69842863038878,2.70870150653468,4.94166436762665,0.0485062688087299,0.99993906547995
"84890",-3.42817368151885,-3.46737572188923,4.73302800934168,0.0486058439397814,0.99993906547995
"3161",-3.10350007609773,-3.12272755050179,5.30835333803709,0.0486184997259442,0.99993906547995
"399671",2.80963426631156,2.83306637298691,3.70787413342785,0.048778193669794,0.99993906547995
"100873995",3.10809811124656,3.17648046788549,2.47178806983068,0.0490108517618378,0.99993906547995
"642819",3.10809811124656,3.17648046788549,2.47178806983068,0.0490108517618378,0.99993906547995
"8798",3.10809811124656,3.17648046788549,2.47178806983068,0.0490108517618378,0.99993906547995
"100652865",3.10809811124656,3.17648046788549,2.47178806983068,0.0490108517618378,0.99993906547995
"9154",3.10809811124656,3.17648046788549,2.47178806983068,0.0490108517618378,0.99993906547995
"100288072",3.10809811124656,3.17648046788549,2.47178806983068,0.0490108517618378,0.99993906547995
"3801",3.10809811124656,3.17648046788549,2.47178806983068,0.0490108517618378,0.99993906547995
"200728",3.10809811124656,3.17648046788549,2.47178806983068,0.0490108517618378,0.99993906547995
"84335",-3.41915338421756,-3.45833058228622,4.72558887654146,0.0492257148617856,0.99993906547995
"80063",-2.87748353785463,-2.88691461340302,5.98836347913472,0.0492639039449272,0.99993906547995
"115811",2.74469131740219,2.76144296860665,4.17765425941024,0.0495499216207763,0.99993906547995
"84100",2.74469131740219,2.76144296860665,4.17765425941024,0.0495499216207763,0.99993906547995
"399512",2.77729877716918,2.79796884463176,3.87331611876183,0.0496164912146989,0.99993906547995
"105377650",2.91534680435057,2.95408804654905,3.06188475531986,0.0496302284292519,0.99993906547995
"1196",-3.2094963948724,-3.23531295846751,5.04288489870079,0.0496861043434298,0.99993906547995
"847",-3.41007633343562,-3.44922837517897,4.7181043613993,0.0498561365887507,0.99993906547995
